,Name,Event,Time (s),Model,value,error
0,"ANDREW, Michael C ",100m Breaststroke,58.84,Linear Regression,58.69952617979708,0.14047382020292076
1,"ANDREW, Michael C ",200m Medley,117.31,Linear Regression,116.39238942875023,0.9176105712497673
2,"ANDREW, Michael C ",50m Freestyle,21.6,Linear Regression,21.47799231857449,0.12200768142551155
3,"AUBOECK, Felix ",1500m Freestyle,903.47,Linear Regression,823.53957111725,79.93042888275
4,"AUBOECK, Felix ",400m Freestyle,224.07,Linear Regression,222.08173289943497,1.9882671005650252
5,"AUBOECK, Felix ",800m Freestyle,469.14,Linear Regression,440.70580304371043,28.434196956289554
6,"BENTZ, Gunnar ",200m Butterfly,115.46,Linear Regression,113.026170554247,2.433829445752991
7,"BURDISSO, Federico ",200m Butterfly,114.45,Linear Regression,115.07015712430498,-0.6201571243049813
8,"CECCON, Thomas ",100m Backstroke,52.3,Linear Regression,53.39068127070191,-1.0906812707019142
9,"CHALMERS, Kyle ",100m Freestyle,47.08,Linear Regression,46.96034203836095,0.1196579616390494
10,"CHMIELEWSKI, Krzysztof ",200m Butterfly,115.88,Linear Regression,121.51344840729482,-5.633448407294821
11,"CHUPKOV, Anton ",200m Breaststroke,127.24,Linear Regression,123.95756992420677,3.282430075793229
12,"CLAREBURT, Lewis ",200m Medley,117.7,Linear Regression,122.49878599312265,-4.7987859931226495
13,"CLAREBURT, Lewis ",400m Medley,251.22,Linear Regression,249.35538149505055,1.8646185049494477
14,"COSTA, Guilherme ",800m Freestyle,473.31,Linear Regression,453.33564205362933,19.974357946370674
15,"CSEH, Laszlo ",200m Medley,117.68,Linear Regression,111.17920984169535,6.500790158304653
16,"DE BOER, Thom ",50m Freestyle,21.79,Linear Regression,21.747485954103862,0.042514045896137276
17,"DE DEUS, Leonardo ",200m Butterfly,115.19,Linear Regression,110.97128234096017,4.218717659039825
18,"DEAN, Tom ",200m Freestyle,104.22,Linear Regression,107.34402678965016,-3.1240267896501592
19,"DESPLANCHES, Jeremy ",200m Medley,116.17,Linear Regression,117.97963468677534,-1.8096346867753397
20,"DETTI, Gabriele ",400m Freestyle,224.88,Linear Regression,215.15714208784175,9.722857912158247
21,"DRESSEL, Caeleb ",100m Butterfly,49.45,Linear Regression,50.02348964863747,-0.5734896486374694
22,"DRESSEL, Caeleb ",100m Freestyle,47.02,Linear Regression,46.59769350758456,0.42230649241544427
23,"DRESSEL, Caeleb ",50m Freestyle,21.07,Linear Regression,21.159602501125537,-0.0896025011255368
24,"FINK, Nicolas ",200m Breaststroke,127.93,Linear Regression,125.86188550873689,2.068114491263117
25,"FINKE, Robert C ",1500m Freestyle,879.65,Linear Regression,819.2876057992725,60.36239420072752
26,"FINKE, Robert C ",800m Freestyle,461.87,Linear Regression,445.0893037558182,16.780696244181797
27,"FRATUS, Bruno ",50m Freestyle,21.57,Linear Regression,20.950567738794135,0.6194322612058656
28,"FROLOV, Sergiy ",1500m Freestyle,904.26,Linear Regression,832.318140907105,71.94185909289502
29,"FROLOV, Sergiy ",800m Freestyle,465.11,Linear Regression,444.9465466391093,20.163453360890742
30,"GARCIA SAIZ, Nicolas ",200m Backstroke,119.06,Linear Regression,119.4426184313768,-0.3826184313767982
31,"GARCIA SAIZ, Nicolas ",200m Backstroke,122.36,Linear Regression,121.7670166307132,0.5929833692867987
32,"GKOLOMEEV, Kristian ",50m Freestyle,21.72,Linear Regression,21.303386265857505,0.41661373414249425
33,"GLINTA, Robert ",100m Backstroke,52.95,Linear Regression,53.03034692537869,-0.08034692537868438
34,"GONZALEZ DE OLIVEIRA, Hugo ",100m Backstroke,52.78,Linear Regression,52.951775110232326,-0.17177511023232483
35,"GONZALEZ DE OLIVEIRA, Hugo ",100m Backstroke,54.89,Linear Regression,53.97777637528459,0.9122236247154092
36,"GREENBANK, Luke ",200m Backstroke,114.72,Linear Regression,113.85902719759711,0.860972802402884
37,"GROUSSET, Maxime ",100m Freestyle,47.72,Linear Regression,49.17585521002037,-1.455855210020374
38,"HAFNAOUI, Ayoub ",400m Freestyle,223.36,Linear Regression,224.75982511333177,-1.399825113331758
39,"HAGINO, Kosuke ",200m Medley,117.49,Linear Regression,111.65813449056346,5.83186550943654
40,"HONDA, Tomoru ",200m Butterfly,113.73,Linear Regression,114.29014832957121,-0.5601483295712057
41,"HWANG, Sun Woo ",100m Freestyle,47.82,Linear Regression,47.52486607868313,0.295133921316868
42,"HWANG, Sun Woo ",200m Freestyle,105.26,Linear Regression,104.10920613024257,1.150793869757436
43,"IRIE, Ryosuke ",200m Backstroke,117.32,Linear Regression,109.17885993722189,8.141140062778106
44,"JERVIS, Daniel O ",1500m Freestyle,895.48,Linear Regression,851.6812310289496,43.798768971050436
45,"KALISZ, Chase T ",400m Medley,249.42,Linear Regression,239.76564879724538,9.654351202754611
46,"KAMMINGA, Arno ",100m Breaststroke,58.0,Linear Regression,58.79592910065597,-0.7959291006559681
47,"KAMMINGA, Arno ",200m Breaststroke,127.01,Linear Regression,127.88397724982312,-0.8739772498231133
48,"KAWECKI, Radoslaw ",200m Backstroke,116.39,Linear Regression,111.5080390834799,4.8819609165201
49,"KENDERESI, Tamas ",200m Butterfly,114.52,Linear Regression,112.81447687133928,1.7055231286607153
50,"KOLESNIKOV, Kliment ",100m Backstroke,52.0,Linear Regression,52.22542448227113,-0.22542448227113
51,"KOLESNIKOV, Kliment ",100m Freestyle,47.44,Linear Regression,47.37295917714906,0.06704082285093449
52,"LARKIN, Mitchell ",100m Backstroke,52.79,Linear Regression,51.328820055835266,1.4611799441647335
53,"LE CLOS, Chad Guy Bertrand ",200m Butterfly,114.93,Linear Regression,110.25356982524711,4.676430174752895
54,"LITCHFIELD, Max ",400m Medley,250.59,Linear Regression,243.03051965189232,7.559480348107684
55,"LITHERLAND, Jay Y ",400m Medley,250.28,Linear Regression,245.47497014735094,4.8050298526490565
56,"MAJERSKI, Jakub ",100m Butterfly,50.92,Linear Regression,52.60764399902348,-1.6876439990234786
57,"MALYUTIN, Martin ",200m Freestyle,105.01,Linear Regression,104.74464021802146,0.26535978197854604
58,"MANAUDOU, Florent ",50m Freestyle,21.55,Linear Regression,20.94764096578927,0.6023590342107319
59,"MARCHAND, Leon ",400m Medley,251.16,Linear Regression,252.33912762824284,-1.1791276282428385
60,"MARTINENGHI, Nicolo' ",100m Breaststroke,58.33,Linear Regression,58.531939152294626,-0.2019391522946279
61,"MARTINEZ, Luis Carlos ",100m Butterfly,51.09,Linear Regression,50.40732622564199,0.6826737743580154
62,"MARTYNYCHEV, Kirill ",1500m Freestyle,895.85,Linear Regression,862.0352050196713,33.81479498032877
63,"MATTSSON, Matti ",200m Breaststroke,127.13,Linear Regression,126.74509921435903,0.38490078564096564
64,"MCLOUGHLIN, Jack ",400m Freestyle,223.52,Linear Regression,221.33013191925198,2.1898680807480275
65,"MCLOUGHLIN, Jack ",800m Freestyle,465.0,Linear Regression,437.1782673118445,27.82173268815552
66,"MEFFORD, Bryce A ",200m Backstroke,115.49,Linear Regression,115.16058625301208,0.32941374698791037
67,"MILADINOV, Josif ",100m Butterfly,51.49,Linear Regression,52.165153088741114,-0.6751530887411121
68,"MILAK, Kristof ",100m Butterfly,49.68,Linear Regression,51.60782415286758,-1.9278241528675792
69,"MILAK, Kristof ",200m Butterfly,111.25,Linear Regression,113.0596926629173,-1.8096926629172998
70,"MINAKOV, Andrei ",100m Butterfly,50.88,Linear Regression,50.53626905532451,0.34373094467549237
71,"MIRESSI, Alessandro ",100m Freestyle,47.86,Linear Regression,47.917888903161725,-0.057888903161725125
72,"MITCHELL, Jake ",400m Freestyle,225.39,Linear Regression,226.02498127611904,-0.6349812761190492
73,"MUEHLLEITNER, Henning ",400m Freestyle,224.07,Linear Regression,223.40583784122657,0.6641621587734221
74,"MURA, Ryuya ",200m Breaststroke,128.42,Linear Regression,125.1392665972497,3.280733402750286
75,"MURPHY, Ryan F ",100m Backstroke,52.19,Linear Regression,51.1430222168769,1.046977783123097
76,"MURPHY, Ryan F ",200m Backstroke,114.15,Linear Regression,111.14424419293769,3.0057558070623145
77,"NEMETH, Nandor ",100m Freestyle,48.1,Linear Regression,48.85020463650913,-0.7502046365091317
78,"PALTRINIERI, Gregorio ",1500m Freestyle,885.01,Linear Regression,811.9744656193648,73.03553438063523
79,"PALTRINIERI, Gregorio ",800m Freestyle,462.11,Linear Regression,444.2654915372869,17.844508462713122
80,"PEATY, Adam ",100m Breaststroke,57.37,Linear Regression,56.83473545031745,0.5352645496825446
81,"PERSSON, Erik ",200m Breaststroke,128.88,Linear Regression,127.2384522805796,1.6415477194204016
82,"PONTI, Noe ",100m Butterfly,50.74,Linear Regression,53.8045995726343,-3.0645995726343003
83,"POPOVICI, David ",100m Freestyle,48.04,Linear Regression,48.679374327989926,-0.6393743279899269
84,"POPOVICI, David ",200m Freestyle,104.68,Linear Regression,106.69977513247706,-2.0197751324770508
85,"PROUD, Benjamin ",50m Freestyle,21.72,Linear Regression,20.92991820721803,0.7900817927819688
86,"RAPSYS, Danas ",200m Freestyle,105.78,Linear Regression,103.60417508884363,2.1758249111563686
87,"RAZZETTI, Alberto ",400m Medley,251.32,Linear Regression,247.98040468791285,3.339595312087141
88,"ROMANCHUK, Mykhaylo ",1500m Freestyle,880.66,Linear Regression,812.6710011443263,67.98899885567369
89,"ROMANCHUK, Mykhaylo ",800m Freestyle,462.33,Linear Regression,443.2314731233459,19.09852687665409
90,"RYLOV, Evgeny ",100m Backstroke,51.98,Linear Regression,51.75362276236494,0.2263772376350559
91,"RYLOV, Evgeny ",200m Backstroke,113.27,Linear Regression,112.37604429792782,0.8939557020721765
92,"SCHEFFER, Fernando ",200m Freestyle,104.66,Linear Regression,104.02205365858518,0.6379463414148177
93,"SCOTT, Duncan W ",200m Freestyle,104.26,Linear Regression,103.56466891092845,0.6953310890715585
94,"SCOTT, Duncan W ",200m Medley,115.28,Linear Regression,116.3787801509632,-1.0987801509631936
95,"SETO, Daiya ",200m Medley,116.22,Linear Regression,112.25466761724222,3.9653323827577793
96,"SHYMANOVICH, Ilya ",100m Breaststroke,59.36,Linear Regression,58.1575542576029,1.202445742397103
97,"SMITH, Brendon ",400m Medley,250.38,Linear Regression,251.1526127399694,-0.7726127399694178
98,"SMITH, Kieran S ",200m Freestyle,105.12,Linear Regression,104.59129111969465,0.5287088803053592
99,"SMITH, Kieran S ",400m Freestyle,223.94,Linear Regression,222.959609389755,0.9803906102449957
100,"STUBBLETY-COOK, Zac ",200m Breaststroke,126.38,Linear Regression,127.93088012875482,-1.5508801287548266
101,"TELEGDY, Adam ",200m Backstroke,116.15,Linear Regression,116.18445604851215,-0.03445604851214057
102,"TEMPLE, Matthew ",100m Butterfly,50.92,Linear Regression,51.311490162630065,-0.3914901626300633
103,"VERRASZTO, David ",400m Medley,250.59,Linear Regression,237.52937614190736,13.06062385809264
104,"WANG, Shun ",200m Medley,115.0,Linear Regression,113.03908475276705,1.960915247232947
105,"WELLBROCK, Florian ",1500m Freestyle,880.91,Linear Regression,818.87839272831,62.03160727168995
106,"WELLBROCK, Florian ",800m Freestyle,462.68,Linear Regression,447.59934846491336,15.080651535086645
107,"WILBY, James ",100m Breaststroke,58.96,Linear Regression,58.43472892294736,0.5252710770526434
108,"WILBY, James ",200m Breaststroke,128.19,Linear Regression,127.09377163680985,1.09622836319015
109,"WILSON, Andrew L ",100m Breaststroke,58.99,Linear Regression,58.139226003802065,0.8507739961979368
110,"WINNINGTON, Elijah ",400m Freestyle,225.2,Linear Regression,222.58069637680163,2.6193036231983626
111,"XU, Jiayu ",100m Backstroke,52.51,Linear Regression,50.88561220809748,1.624387791902521
112,"YAN, Zibei ",100m Breaststroke,58.99,Linear Regression,57.572242018760384,1.4177579812396175
113,"ZAZZERI, Lorenzo ",50m Freestyle,21.78,Linear Regression,21.832835981011623,-0.052835981011622124
114,"ANDREW, Michael C ",100m Breaststroke,58.84,Random Forest,58.739559999999685,0.10044000000031872
115,"ANDREW, Michael C ",200m Medley,117.31,Random Forest,117.1764199999999,0.1335800000001086
116,"ANDREW, Michael C ",50m Freestyle,21.6,Random Forest,21.842520000000043,-0.2425200000000416
117,"AUBOECK, Felix ",1500m Freestyle,903.47,Random Forest,910.5560199999982,-7.086019999998143
118,"AUBOECK, Felix ",400m Freestyle,224.07,Random Forest,224.93884000000222,-0.8688400000022227
119,"AUBOECK, Felix ",800m Freestyle,469.14,Random Forest,466.11256000000105,3.0274399999989328
120,"BENTZ, Gunnar ",200m Butterfly,115.46,Random Forest,117.3657799999997,-1.9057799999997087
121,"BURDISSO, Federico ",200m Butterfly,114.45,Random Forest,115.45486,-1.0048599999999936
122,"CECCON, Thomas ",100m Backstroke,52.3,Random Forest,52.9509826666667,-0.6509826666666996
123,"CHALMERS, Kyle ",100m Freestyle,47.08,Random Forest,47.81874228571448,-0.7387422857144799
124,"CHMIELEWSKI, Krzysztof ",200m Butterfly,115.88,Random Forest,116.96303999999996,-1.0830399999999685
125,"CHUPKOV, Anton ",200m Breaststroke,127.24,Random Forest,127.51274000000022,-0.27274000000022625
126,"CLAREBURT, Lewis ",200m Medley,117.7,Random Forest,118.7867800000006,-1.0867800000006014
127,"CLAREBURT, Lewis ",400m Medley,251.22,Random Forest,251.07919000000064,0.1408099999993624
128,"COSTA, Guilherme ",800m Freestyle,473.31,Random Forest,466.91886000000187,6.391139999998131
129,"CSEH, Laszlo ",200m Medley,117.68,Random Forest,120.5402799999995,-2.8602799999994915
130,"DE BOER, Thom ",50m Freestyle,21.79,Random Forest,21.83014000000009,-0.04014000000008977
131,"DE DEUS, Leonardo ",200m Butterfly,115.19,Random Forest,117.63192999999966,-2.441929999999658
132,"DEAN, Tom ",200m Freestyle,104.22,Random Forest,106.5650133333333,-2.3450133333332985
133,"DESPLANCHES, Jeremy ",200m Medley,116.17,Random Forest,117.45405999999964,-1.2840599999996414
134,"DETTI, Gabriele ",400m Freestyle,224.88,Random Forest,224.69652000000076,0.1834799999992356
135,"DRESSEL, Caeleb ",100m Butterfly,49.45,Random Forest,50.109999999999786,-0.6599999999997834
136,"DRESSEL, Caeleb ",100m Freestyle,47.02,Random Forest,47.43333428571401,-0.4133342857140079
137,"DRESSEL, Caeleb ",50m Freestyle,21.07,Random Forest,21.3072200000001,-0.23722000000010013
138,"FINK, Nicolas ",200m Breaststroke,127.93,Random Forest,129.84528000000034,-1.9152800000003367
139,"FINKE, Robert C ",1500m Freestyle,879.65,Random Forest,887.1798400000011,-7.5298400000011725
140,"FINKE, Robert C ",800m Freestyle,461.87,Random Forest,465.28366000000017,-3.4136600000001636
141,"FRATUS, Bruno ",50m Freestyle,21.57,Random Forest,21.645613333333333,-0.07561333333333309
142,"FROLOV, Sergiy ",1500m Freestyle,904.26,Random Forest,904.5887999999968,-0.32879999999681786
143,"FROLOV, Sergiy ",800m Freestyle,465.11,Random Forest,469.6092599999995,-4.499259999999481
144,"GARCIA SAIZ, Nicolas ",200m Backstroke,119.06,Random Forest,117.26358000000023,1.7964199999997703
145,"GARCIA SAIZ, Nicolas ",200m Backstroke,122.36,Random Forest,118.74654000000017,3.613459999999833
146,"GKOLOMEEV, Kristian ",50m Freestyle,21.72,Random Forest,21.97998000000013,-0.2599800000001302
147,"GLINTA, Robert ",100m Backstroke,52.95,Random Forest,54.22920000000014,-1.279200000000138
148,"GONZALEZ DE OLIVEIRA, Hugo ",100m Backstroke,52.78,Random Forest,53.81181333333346,-1.03181333333346
149,"GONZALEZ DE OLIVEIRA, Hugo ",100m Backstroke,54.89,Random Forest,53.33055866666674,1.559441333333261
150,"GREENBANK, Luke ",200m Backstroke,114.72,Random Forest,116.8059949999996,-2.085994999999599
151,"GROUSSET, Maxime ",100m Freestyle,47.72,Random Forest,48.162136666666854,-0.4421366666668547
152,"HAFNAOUI, Ayoub ",400m Freestyle,223.36,Random Forest,223.9843800000004,-0.6243800000004001
153,"HAGINO, Kosuke ",200m Medley,117.49,Random Forest,117.47225999999978,0.017740000000216583
154,"HONDA, Tomoru ",200m Butterfly,113.73,Random Forest,115.30218833333355,-1.5721883333335427
155,"HWANG, Sun Woo ",100m Freestyle,47.82,Random Forest,48.182412333333495,-0.362412333333495
156,"HWANG, Sun Woo ",200m Freestyle,105.26,Random Forest,106.53437333333315,-1.2743733333331448
157,"IRIE, Ryosuke ",200m Backstroke,117.32,Random Forest,117.36331999999942,-0.04331999999942582
158,"JERVIS, Daniel O ",1500m Freestyle,895.48,Random Forest,906.7995000000002,-11.319500000000176
159,"KALISZ, Chase T ",400m Medley,249.42,Random Forest,249.62149999999872,-0.20149999999873103
160,"KAMMINGA, Arno ",100m Breaststroke,58.0,Random Forest,58.15760000000012,-0.15760000000012298
161,"KAMMINGA, Arno ",200m Breaststroke,127.01,Random Forest,128.6412200000007,-1.6312200000006811
162,"KAWECKI, Radoslaw ",200m Backstroke,116.39,Random Forest,118.02849500000006,-1.6384950000000629
163,"KENDERESI, Tamas ",200m Butterfly,114.52,Random Forest,116.67115157142842,-2.1511515714284286
164,"KOLESNIKOV, Kliment ",100m Backstroke,52.0,Random Forest,52.68717733333327,-0.6871773333332669
165,"KOLESNIKOV, Kliment ",100m Freestyle,47.44,Random Forest,47.49880390476183,-0.05880390476183095
166,"LARKIN, Mitchell ",100m Backstroke,52.79,Random Forest,53.97475300000007,-1.1847530000000717
167,"LE CLOS, Chad Guy Bertrand ",200m Butterfly,114.93,Random Forest,115.75424666666673,-0.8242466666667241
168,"LITCHFIELD, Max ",400m Medley,250.59,Random Forest,250.82271999999872,-0.2327199999987215
169,"LITHERLAND, Jay Y ",400m Medley,250.28,Random Forest,250.64793999999924,-0.367939999999237
170,"MAJERSKI, Jakub ",100m Butterfly,50.92,Random Forest,52.739940000000146,-1.8199400000001447
171,"MALYUTIN, Martin ",200m Freestyle,105.01,Random Forest,105.42181666666707,-0.4118166666670646
172,"MANAUDOU, Florent ",50m Freestyle,21.55,Random Forest,21.603099999999962,-0.05309999999996151
173,"MARCHAND, Leon ",400m Medley,251.16,Random Forest,251.39570000000168,-0.23570000000168534
174,"MARTINENGHI, Nicolo' ",100m Breaststroke,58.33,Random Forest,58.98493999999997,-0.654939999999975
175,"MARTINEZ, Luis Carlos ",100m Butterfly,51.09,Random Forest,52.21231999999992,-1.1223199999999167
176,"MARTYNYCHEV, Kirill ",1500m Freestyle,895.85,Random Forest,902.5838599999994,-6.733859999999368
177,"MATTSSON, Matti ",200m Breaststroke,127.13,Random Forest,129.4628400000006,-2.3328400000006013
178,"MCLOUGHLIN, Jack ",400m Freestyle,223.52,Random Forest,224.10704000000044,-0.5870400000004281
179,"MCLOUGHLIN, Jack ",800m Freestyle,465.0,Random Forest,463.63071999999926,1.3692800000007423
180,"MEFFORD, Bryce A ",200m Backstroke,115.49,Random Forest,116.11826599999998,-0.6282659999999822
181,"MILADINOV, Josif ",100m Butterfly,51.49,Random Forest,52.38734000000015,-0.897340000000149
182,"MILAK, Kristof ",100m Butterfly,49.68,Random Forest,50.958299999999966,-1.278299999999966
183,"MILAK, Kristof ",200m Butterfly,111.25,Random Forest,114.0351320000002,-2.7851320000002033
184,"MINAKOV, Andrei ",100m Butterfly,50.88,Random Forest,51.96667999999989,-1.0866799999998875
185,"MIRESSI, Alessandro ",100m Freestyle,47.86,Random Forest,47.84088661904766,0.01911338095234072
186,"MITCHELL, Jake ",400m Freestyle,225.39,Random Forest,226.19605999999962,-0.8060599999996327
187,"MUEHLLEITNER, Henning ",400m Freestyle,224.07,Random Forest,224.17136000000173,-0.1013600000017334
188,"MURA, Ryuya ",200m Breaststroke,128.42,Random Forest,129.82948000000005,-1.409480000000059
189,"MURPHY, Ryan F ",100m Backstroke,52.19,Random Forest,53.0803997142857,-0.8903997142856994
190,"MURPHY, Ryan F ",200m Backstroke,114.15,Random Forest,115.85376000000007,-1.7037600000000594
191,"NEMETH, Nandor ",100m Freestyle,48.1,Random Forest,48.67785633333344,-0.5778563333334361
192,"PALTRINIERI, Gregorio ",1500m Freestyle,885.01,Random Forest,883.017299999996,1.9927000000039925
193,"PALTRINIERI, Gregorio ",800m Freestyle,462.11,Random Forest,463.3867799999976,-1.2767799999975864
194,"PEATY, Adam ",100m Breaststroke,57.37,Random Forest,57.60440000000021,-0.234400000000214
195,"PERSSON, Erik ",200m Breaststroke,128.88,Random Forest,133.13131999999987,-4.251319999999879
196,"PONTI, Noe ",100m Butterfly,50.74,Random Forest,52.06862000000014,-1.3286200000001358
197,"POPOVICI, David ",100m Freestyle,48.04,Random Forest,47.62329833333316,0.41670166666683883
198,"POPOVICI, David ",200m Freestyle,104.68,Random Forest,106.99279666666642,-2.312796666666415
199,"PROUD, Benjamin ",50m Freestyle,21.72,Random Forest,21.578259999999975,0.1417400000000235
200,"RAPSYS, Danas ",200m Freestyle,105.78,Random Forest,108.49240000000056,-2.7124000000005566
201,"RAZZETTI, Alberto ",400m Medley,251.32,Random Forest,251.408440000002,-0.08844000000200936
202,"ROMANCHUK, Mykhaylo ",1500m Freestyle,880.66,Random Forest,881.9661000000011,-1.3061000000011518
203,"ROMANCHUK, Mykhaylo ",800m Freestyle,462.33,Random Forest,463.7902599999983,-1.4602599999983
204,"RYLOV, Evgeny ",100m Backstroke,51.98,Random Forest,53.31884199999985,-1.3388419999998504
205,"RYLOV, Evgeny ",200m Backstroke,113.27,Random Forest,114.98786000000035,-1.717860000000357
206,"SCHEFFER, Fernando ",200m Freestyle,104.66,Random Forest,106.62088733333351,-1.9608873333335168
207,"SCOTT, Duncan W ",200m Freestyle,104.26,Random Forest,106.5201799999995,-2.260179999999494
208,"SCOTT, Duncan W ",200m Medley,115.28,Random Forest,117.45584000000008,-2.175840000000079
209,"SETO, Daiya ",200m Medley,116.22,Random Forest,117.34467999999976,-1.1246799999997563
210,"SHYMANOVICH, Ilya ",100m Breaststroke,59.36,Random Forest,59.55250000000045,-0.1925000000004502
211,"SMITH, Brendon ",400m Medley,250.38,Random Forest,250.75478000000132,-0.37478000000132283
212,"SMITH, Kieran S ",200m Freestyle,105.12,Random Forest,106.02105333333358,-0.9010533333335786
213,"SMITH, Kieran S ",400m Freestyle,223.94,Random Forest,224.2238200000007,-0.28382000000070207
214,"STUBBLETY-COOK, Zac ",200m Breaststroke,126.38,Random Forest,129.23786000000018,-2.857860000000187
215,"TELEGDY, Adam ",200m Backstroke,116.15,Random Forest,117.5192599999999,-1.3692599999998976
216,"TEMPLE, Matthew ",100m Butterfly,50.92,Random Forest,51.60766000000025,-0.6876600000002497
217,"VERRASZTO, David ",400m Medley,250.59,Random Forest,250.6579199999982,-0.06791999999819609
218,"WANG, Shun ",200m Medley,115.0,Random Forest,116.03294900000016,-1.0329490000001584
219,"WELLBROCK, Florian ",1500m Freestyle,880.91,Random Forest,882.2203799999985,-1.3103799999985313
220,"WELLBROCK, Florian ",800m Freestyle,462.68,Random Forest,464.56805999999983,-1.8880599999998253
221,"WILBY, James ",100m Breaststroke,58.96,Random Forest,59.462820000000136,-0.5028200000001348
222,"WILBY, James ",200m Breaststroke,128.19,Random Forest,130.69490000000033,-2.504900000000333
223,"WILSON, Andrew L ",100m Breaststroke,58.99,Random Forest,59.474353333333354,-0.4843533333333525
224,"WINNINGTON, Elijah ",400m Freestyle,225.2,Random Forest,224.9068599999988,0.2931400000011877
225,"XU, Jiayu ",100m Backstroke,52.51,Random Forest,53.15078571428572,-0.6407857142857196
226,"YAN, Zibei ",100m Breaststroke,58.99,Random Forest,59.2723200000001,-0.28232000000009805
227,"ZAZZERI, Lorenzo ",50m Freestyle,21.78,Random Forest,22.069980000000008,-0.289980000000007
228,"ANDREW, Michael C ",100m Breaststroke,58.84,XGBoost,58.22324752807617,0.6167524719238315
229,"ANDREW, Michael C ",200m Medley,117.31,XGBoost,114.71031951904297,2.5996804809570335
230,"ANDREW, Michael C ",50m Freestyle,21.6,XGBoost,20.52057647705078,1.0794235229492202
231,"AUBOECK, Felix ",1500m Freestyle,903.47,XGBoost,913.2433471679688,-9.773347167968723
232,"AUBOECK, Felix ",400m Freestyle,224.07,XGBoost,225.29786682128906,-1.2278668212890693
233,"AUBOECK, Felix ",800m Freestyle,469.14,XGBoost,466.0892333984375,3.0507666015624864
234,"BENTZ, Gunnar ",200m Butterfly,115.46,XGBoost,114.81558227539062,0.6444177246093687
235,"BURDISSO, Federico ",200m Butterfly,114.45,XGBoost,113.3236312866211,1.126368713378909
236,"CECCON, Thomas ",100m Backstroke,52.3,XGBoost,52.609779357910156,-0.3097793579101591
237,"CHALMERS, Kyle ",100m Freestyle,47.08,XGBoost,47.426509857177734,-0.3465098571777361
238,"CHMIELEWSKI, Krzysztof ",200m Butterfly,115.88,XGBoost,115.99779510498047,-0.1177951049804733
239,"CHUPKOV, Anton ",200m Breaststroke,127.24,XGBoost,125.7987060546875,1.4412939453124949
240,"CLAREBURT, Lewis ",200m Medley,117.7,XGBoost,116.555908203125,1.1440917968750028
241,"CLAREBURT, Lewis ",400m Medley,251.22,XGBoost,251.21780395507812,0.002196044921873863
242,"COSTA, Guilherme ",800m Freestyle,473.31,XGBoost,465.0470886230469,8.262911376953127
243,"CSEH, Laszlo ",200m Medley,117.68,XGBoost,119.407470703125,-1.7274707031249932
244,"DE BOER, Thom ",50m Freestyle,21.79,XGBoost,21.12263298034668,0.6673670196533195
245,"DE DEUS, Leonardo ",200m Butterfly,115.19,XGBoost,116.03083038330078,-0.8408303833007835
246,"DEAN, Tom ",200m Freestyle,104.22,XGBoost,105.07124328613281,-0.8512432861328136
247,"DESPLANCHES, Jeremy ",200m Medley,116.17,XGBoost,116.55747985839844,-0.3874798583984358
248,"DETTI, Gabriele ",400m Freestyle,224.88,XGBoost,224.67880249023438,0.20119750976562045
249,"DRESSEL, Caeleb ",100m Butterfly,49.45,XGBoost,49.698612213134766,-0.24861221313476278
250,"DRESSEL, Caeleb ",100m Freestyle,47.02,XGBoost,46.80180740356445,0.21819259643555
251,"DRESSEL, Caeleb ",50m Freestyle,21.07,XGBoost,21.178747177124023,-0.10874717712402315
252,"FINK, Nicolas ",200m Breaststroke,127.93,XGBoost,127.60587310791016,0.32412689208985057
253,"FINKE, Robert C ",1500m Freestyle,879.65,XGBoost,889.8132934570312,-10.163293457031273
254,"FINKE, Robert C ",800m Freestyle,461.87,XGBoost,464.2438049316406,-2.3738049316406205
255,"FRATUS, Bruno ",50m Freestyle,21.57,XGBoost,21.11707305908203,0.45292694091796903
256,"FROLOV, Sergiy ",1500m Freestyle,904.26,XGBoost,899.6101684570312,4.649831542968741
257,"FROLOV, Sergiy ",800m Freestyle,465.11,XGBoost,466.1685485839844,-1.0585485839843614
258,"GARCIA SAIZ, Nicolas ",200m Backstroke,119.06,XGBoost,116.99015808105469,2.0698419189453148
259,"GARCIA SAIZ, Nicolas ",200m Backstroke,122.36,XGBoost,118.60376739501953,3.756232604980468
260,"GKOLOMEEV, Kristian ",50m Freestyle,21.72,XGBoost,21.33278465270996,0.3872153472900379
261,"GLINTA, Robert ",100m Backstroke,52.95,XGBoost,52.109676361083984,0.8403236389160185
262,"GONZALEZ DE OLIVEIRA, Hugo ",100m Backstroke,52.78,XGBoost,52.90909957885742,-0.12909957885742074
263,"GONZALEZ DE OLIVEIRA, Hugo ",100m Backstroke,54.89,XGBoost,53.01457214355469,1.875427856445313
264,"GREENBANK, Luke ",200m Backstroke,114.72,XGBoost,114.81353759765625,-0.09353759765625114
265,"GROUSSET, Maxime ",100m Freestyle,47.72,XGBoost,47.6601448059082,0.05985519409179574
266,"HAFNAOUI, Ayoub ",400m Freestyle,223.36,XGBoost,224.0786895751953,-0.7186895751952989
267,"HAGINO, Kosuke ",200m Medley,117.49,XGBoost,117.61542510986328,-0.12542510986328637
268,"HONDA, Tomoru ",200m Butterfly,113.73,XGBoost,113.55679321289062,0.17320678710937898
269,"HWANG, Sun Woo ",100m Freestyle,47.82,XGBoost,47.327598571777344,0.49240142822265653
270,"HWANG, Sun Woo ",200m Freestyle,105.26,XGBoost,105.2992935180664,-0.039293518066401134
271,"IRIE, Ryosuke ",200m Backstroke,117.32,XGBoost,117.12309265136719,0.19690734863280568
272,"JERVIS, Daniel O ",1500m Freestyle,895.48,XGBoost,896.80859375,-1.3285937499999818
273,"KALISZ, Chase T ",400m Medley,249.42,XGBoost,250.01792907714844,-0.59792907714845
274,"KAMMINGA, Arno ",100m Breaststroke,58.0,XGBoost,57.65534973144531,0.3446502685546875
275,"KAMMINGA, Arno ",200m Breaststroke,127.01,XGBoost,126.7401123046875,0.2698876953125051
276,"KAWECKI, Radoslaw ",200m Backstroke,116.39,XGBoost,118.13581848144531,-1.745818481445312
277,"KENDERESI, Tamas ",200m Butterfly,114.52,XGBoost,114.27070617675781,0.24929382324218352
278,"KOLESNIKOV, Kliment ",100m Backstroke,52.0,XGBoost,52.58995819091797,-0.5899581909179688
279,"KOLESNIKOV, Kliment ",100m Freestyle,47.44,XGBoost,47.08737564086914,0.3526243591308571
280,"LARKIN, Mitchell ",100m Backstroke,52.79,XGBoost,52.93490982055664,-0.14490982055664148
281,"LE CLOS, Chad Guy Bertrand ",200m Butterfly,114.93,XGBoost,116.1183090209961,-1.188309020996087
282,"LITCHFIELD, Max ",400m Medley,250.59,XGBoost,251.7439727783203,-1.153972778320309
283,"LITHERLAND, Jay Y ",400m Medley,250.28,XGBoost,251.09080505371094,-0.8108050537109364
284,"MAJERSKI, Jakub ",100m Butterfly,50.92,XGBoost,51.12294387817383,-0.20294387817382642
285,"MALYUTIN, Martin ",200m Freestyle,105.01,XGBoost,104.6734848022461,0.33651519775391137
286,"MANAUDOU, Florent ",50m Freestyle,21.55,XGBoost,21.124744415283203,0.4252555847167976
287,"MARCHAND, Leon ",400m Medley,251.16,XGBoost,252.97447204589844,-1.814472045898441
288,"MARTINENGHI, Nicolo' ",100m Breaststroke,58.33,XGBoost,58.34616470336914,-0.01616470336914233
289,"MARTINEZ, Luis Carlos ",100m Butterfly,51.09,XGBoost,51.16647720336914,-0.07647720336913721
290,"MARTYNYCHEV, Kirill ",1500m Freestyle,895.85,XGBoost,895.8435668945312,0.006433105468772737
291,"MATTSSON, Matti ",200m Breaststroke,127.13,XGBoost,130.64031982421875,-3.5103198242187545
292,"MCLOUGHLIN, Jack ",400m Freestyle,223.52,XGBoost,223.78012084960938,-0.26012084960936477
293,"MCLOUGHLIN, Jack ",800m Freestyle,465.0,XGBoost,461.150634765625,3.849365234375
294,"MEFFORD, Bryce A ",200m Backstroke,115.49,XGBoost,113.8892822265625,1.6007177734374949
295,"MILADINOV, Josif ",100m Butterfly,51.49,XGBoost,51.597347259521484,-0.10734725952148239
296,"MILAK, Kristof ",100m Butterfly,49.68,XGBoost,49.316715240478516,0.3632847595214841
297,"MILAK, Kristof ",200m Butterfly,111.25,XGBoost,111.86054992675781,-0.6105499267578125
298,"MINAKOV, Andrei ",100m Butterfly,50.88,XGBoost,50.79072189331055,0.08927810668945568
299,"MIRESSI, Alessandro ",100m Freestyle,47.86,XGBoost,46.94645309448242,0.9135469055175776
300,"MITCHELL, Jake ",400m Freestyle,225.39,XGBoost,225.05555725097656,0.33444274902342386
301,"MUEHLLEITNER, Henning ",400m Freestyle,224.07,XGBoost,224.6373748779297,-0.5673748779296943
302,"MURA, Ryuya ",200m Breaststroke,128.42,XGBoost,127.61743927001953,0.8025607299804562
303,"MURPHY, Ryan F ",100m Backstroke,52.19,XGBoost,52.55455780029297,-0.364557800292971
304,"MURPHY, Ryan F ",200m Backstroke,114.15,XGBoost,115.54918670654297,-1.399186706542963
305,"NEMETH, Nandor ",100m Freestyle,48.1,XGBoost,47.32880783081055,0.7711921691894545
306,"PALTRINIERI, Gregorio ",1500m Freestyle,885.01,XGBoost,878.939453125,6.070546874999991
307,"PALTRINIERI, Gregorio ",800m Freestyle,462.11,XGBoost,464.6498718261719,-2.5398718261718614
308,"PEATY, Adam ",100m Breaststroke,57.37,XGBoost,57.7751350402832,-0.4051350402832057
309,"PERSSON, Erik ",200m Breaststroke,128.88,XGBoost,129.69097900390625,-0.8109790039062545
310,"PONTI, Noe ",100m Butterfly,50.74,XGBoost,51.49768829345703,-0.7576882934570293
311,"POPOVICI, David ",100m Freestyle,48.04,XGBoost,47.33338928222656,0.7066107177734366
312,"POPOVICI, David ",200m Freestyle,104.68,XGBoost,106.21363830566406,-1.5336383056640557
313,"PROUD, Benjamin ",50m Freestyle,21.72,XGBoost,21.361860275268555,0.3581397247314442
314,"RAPSYS, Danas ",200m Freestyle,105.78,XGBoost,106.22067260742188,-0.44067260742187386
315,"RAZZETTI, Alberto ",400m Medley,251.32,XGBoost,250.99681091308594,0.3231890869140557
316,"ROMANCHUK, Mykhaylo ",1500m Freestyle,880.66,XGBoost,878.892333984375,1.7676660156249682
317,"ROMANCHUK, Mykhaylo ",800m Freestyle,462.33,XGBoost,464.776123046875,-2.446123046875016
318,"RYLOV, Evgeny ",100m Backstroke,51.98,XGBoost,52.1010856628418,-0.1210856628418
319,"RYLOV, Evgeny ",200m Backstroke,113.27,XGBoost,114.37490844726562,-1.104908447265629
320,"SCHEFFER, Fernando ",200m Freestyle,104.66,XGBoost,105.47956848144531,-0.8195684814453159
321,"SCOTT, Duncan W ",200m Freestyle,104.26,XGBoost,105.1125259399414,-0.8525259399414011
322,"SCOTT, Duncan W ",200m Medley,115.28,XGBoost,116.28186798095703,-1.0018679809570301
323,"SETO, Daiya ",200m Medley,116.22,XGBoost,116.87644958496094,-0.6564495849609386
324,"SHYMANOVICH, Ilya ",100m Breaststroke,59.36,XGBoost,58.934295654296875,0.42570434570312443
325,"SMITH, Brendon ",400m Medley,250.38,XGBoost,251.24037170410156,-0.860371704101567
326,"SMITH, Kieran S ",200m Freestyle,105.12,XGBoost,104.78755187988281,0.33244812011719205
327,"SMITH, Kieran S ",400m Freestyle,223.94,XGBoost,223.3311004638672,0.6088995361328102
328,"STUBBLETY-COOK, Zac ",200m Breaststroke,126.38,XGBoost,127.8514404296875,-1.4714404296875045
329,"TELEGDY, Adam ",200m Backstroke,116.15,XGBoost,116.63810729980469,-0.4881072998046818
330,"TEMPLE, Matthew ",100m Butterfly,50.92,XGBoost,50.295047760009766,0.6249522399902361
331,"VERRASZTO, David ",400m Medley,250.59,XGBoost,251.00999450683594,-0.4199945068359341
332,"WANG, Shun ",200m Medley,115.0,XGBoost,116.38378143310547,-1.3837814331054688
333,"WELLBROCK, Florian ",1500m Freestyle,880.91,XGBoost,891.5720825195312,-10.662082519531282
334,"WELLBROCK, Florian ",800m Freestyle,462.68,XGBoost,465.5869445800781,-2.906944580078118
335,"WILBY, James ",100m Breaststroke,58.96,XGBoost,58.874916076660156,0.0850839233398446
336,"WILBY, James ",200m Breaststroke,128.19,XGBoost,129.40980529785156,-1.2198052978515648
337,"WILSON, Andrew L ",100m Breaststroke,58.99,XGBoost,59.13393020629883,-0.14393020629882614
338,"WINNINGTON, Elijah ",400m Freestyle,225.2,XGBoost,225.9420623779297,-0.7420623779296989
339,"XU, Jiayu ",100m Backstroke,52.51,XGBoost,52.68149185180664,-0.17149185180664261
340,"YAN, Zibei ",100m Breaststroke,58.99,XGBoost,58.60508728027344,0.3849127197265645
341,"ZAZZERI, Lorenzo ",50m Freestyle,21.78,XGBoost,21.766530990600586,0.0134690093994152
